full_name,code
LG_통돌이_세탁기_tr16dv6_0002,tr16dv6
LG_통돌이_세탁기_tr16dv6_0003,tr16dv6
LG_통돌이_세탁기_tr16dv6_0004,tr16dv6
LG_통돌이_세탁기_tr16dv6_0005,tr16dv6
LG_통돌이_세탁기_tr16dv6_0006,tr16dv6
LG_통돌이_세탁기_tr16dv6_0007,tr16dv6
LG_통돌이_세탁기_tr16dv6_0008,tr16dv6
LG_통돌이_세탁기_tr16dv6_0009,tr16dv6
LG_통돌이_세탁기_tr16mv6_0001,tr16mv6
LG_통돌이_세탁기_tr16mv6_0002,tr16mv6
LG_통돌이_세탁기_tr16mv6_0003,tr16mv6
LG_통돌이_세탁기_tr16mv6_0004,tr16mv6
LG_통돌이_세탁기_tr16mv6_0005,tr16mv6
LG_통돌이_세탁기_tr16mv6_0006,tr16mv6
LG_통돌이_세탁기_tr16mv6_0007,tr16mv6
LG_통돌이_세탁기_tr16mv6_0008,tr16mv6
LG_통돌이_세탁기_tr16mv6_0009,tr16mv6
LG_통돌이_세탁기_tr16wv6_0001,tr16wv6
LG_통돌이_세탁기_tr16wv6_0002,tr16wv6
LG_통돌이_세탁기_tr16wv6_0003,tr16wv6
LG_통돌이_세탁기_tr16wv6_0004,tr16wv6
LG_통돌이_세탁기_tr16wv6_0005,tr16wv6
LG_통돌이_세탁기_tr16wv6_0006,tr16wv6
LG_통돌이_세탁기_tr16wv6_0007,tr16wv6
LG_통돌이_세탁기_tr16wv6_0008,tr16wv6
LG_통돌이_세탁기_tr16wv6_0009,tr16wv6
LG_통돌이_컴포트_세탁기_t21ez9_0001,t21ez9
LG_통돌이_컴포트_세탁기_t21ez9_0002,t21ez9
LG_통돌이_컴포트_세탁기_t21ez9_0003,t21ez9
LG_통돌이_컴포트_세탁기_t21ez9_0004,t21ez9
LG_통돌이_컴포트_세탁기_t21ez9_0005,t21ez9
LG_통돌이_컴포트_세탁기_t21ez9_0006,t21ez9
LG_통돌이_컴포트_세탁기_t21ez9_0007,t21ez9
LG_통돌이_컴포트_세탁기_t21ez9_0008,t21ez9
LG_통돌이_컴포트_세탁기_t21ez9_0009,t21ez9
LG_통돌이_컴포트_세탁기_t21ez9_0010,t21ez9
LG_통돌이_컴포트_세탁기_t21ez9_0011,t21ez9
LG_통돌이_컴포트_세탁기_t21ez9_0012,t21ez9
LG_통돌이_컴포트_세탁기_t21ez9_0013,t21ez9
LG_통돌이_컴포트_세탁기_t21ez9_0014,t21ez9
LG_통돌이_컴포트_세탁기_t21ez9_0015,t21ez9
LG_통돌이_컴포트_세탁기_t21ez9_0016,t21ez9
LG_통돌이_컴포트_세탁기_t21ez9_0017,t21ez9
LG_통돌이_컴포트_세탁기_t21ez9_0018,t21ez9
LG_통돌이_컴포트_세탁기_t21ez9_0019,t21ez9
LG_통돌이_컴포트_세탁기_t21ez9_0020,t21ez9
LG_통돌이_컴포트_세탁기_t21ez9_0021,t21ez9
LG_통돌이_컴포트_세탁기_t21ez9_0022,t21ez9
LG_통돌이_컴포트_세탁기_t21ez9_0023,t21ez9
LG_통돌이_컴포트_세탁기_t21ez9_0024,t21ez9
LG_통돌이_컴포트_세탁기_t21ez9_0025,t21ez9
LG_통돌이_컴포트_세탁기_t21ez9_0026,t21ez9
LG_통돌이_컴포트_세탁기_t21gz9_0001,t21gz9
LG_통돌이_컴포트_세탁기_t21gz9_0002,t21gz9
LG_통돌이_컴포트_세탁기_t21gz9_0003,t21gz9
LG_통돌이_컴포트_세탁기_t21gz9_0004,t21gz9
LG_통돌이_컴포트_세탁기_t21gz9_0005,t21gz9
LG_통돌이_컴포트_세탁기_t21gz9_0006,t21gz9
LG_통돌이_컴포트_세탁기_t21gz9_0007,t21gz9
LG_통돌이_컴포트_세탁기_t21gz9_0008,t21gz9
LG_통돌이_컴포트_세탁기_t21gz9_0009,t21gz9
LG_통돌이_컴포트_세탁기_t21gz9_0010,t21gz9
LG_통돌이_컴포트_세탁기_t21gz9_0011,t21gz9
LG_통돌이_컴포트_세탁기_t21gz9_0012,t21gz9
LG_통돌이_컴포트_세탁기_t21gz9_0013,t21gz9
LG_통돌이_컴포트_세탁기_t21gz9_0014,t21gz9
LG_통돌이_컴포트_세탁기_t21gz9_0015,t21gz9
LG_통돌이_컴포트_세탁기_t21gz9_0016,t21gz9
LG_통돌이_컴포트_세탁기_t21gz9_0017,t21gz9
LG_통돌이_컴포트_세탁기_t21gz9_0018,t21gz9
LG_통돌이_컴포트_세탁기_t21gz9_0019,t21gz9
LG_통돌이_컴포트_세탁기_t21gz9_0020,t21gz9
LG_통돌이_컴포트_세탁기_t21gz9_0021,t21gz9
LG_통돌이_컴포트_세탁기_t21gz9_0022,t21gz9
LG_통돌이_컴포트_세탁기_t21gz9_0023,t21gz9
LG_통돌이_컴포트_세탁기_t21gz9_0024,t21gz9
LG_통돌이_컴포트_세탁기_t21gz9_0025,t21gz9
LG_통돌이_컴포트_세탁기_t21gz9_0026,t21gz9
LG_통돌이_컴포트_세탁기_t22pz9_0001,t22pz9
LG_통돌이_컴포트_세탁기_t22pz9_0002,t22pz9
LG_통돌이_컴포트_세탁기_t22pz9_0003,t22pz9
LG_통돌이_컴포트_세탁기_t22pz9_0004,t22pz9
LG_통돌이_컴포트_세탁기_t22pz9_0005,t22pz9
LG_통돌이_컴포트_세탁기_t22pz9_0006,t22pz9
LG_통돌이_컴포트_세탁기_t22pz9_0007,t22pz9
LG_통돌이_컴포트_세탁기_t22pz9_0008,t22pz9
LG_통돌이_컴포트_세탁기_t22pz9_0009,t22pz9
LG_통돌이_컴포트_세탁기_t22pz9_0010,t22pz9
LG_통돌이_컴포트_세탁기_t22pz9_0011,t22pz9
LG_통돌이_컴포트_세탁기_t22pz9_0012,t22pz9
LG_통돌이_컴포트_세탁기_t22pz9_0013,t22pz9
LG_통돌이_컴포트_세탁기_t23ez9_0001,t23ez9
LG_통돌이_컴포트_세탁기_t23ez9_0002,t23ez9
LG_통돌이_컴포트_세탁기_t23ez9_0003,t23ez9
LG_통돌이_컴포트_세탁기_t23ez9_0004,t23ez9
LG_통돌이_컴포트_세탁기_t23ez9_0005,t23ez9
LG_통돌이_컴포트_세탁기_t23ez9_0006,t23ez9
LG_통돌이_컴포트_세탁기_t23ez9_0007,t23ez9
LG_통돌이_컴포트_세탁기_t23ez9_0008,t23ez9
LG_통돌이_컴포트_세탁기_t23ez9_0009,t23ez9
LG_통돌이_컴포트_세탁기_t23ez9_0010,t23ez9
LG_통돌이_컴포트_세탁기_t23ez9_0011,t23ez9
LG_통돌이_컴포트_세탁기_t23ez9_0012,t23ez9
LG_통돌이_컴포트_세탁기_t23ez9_0013,t23ez9
LG_통돌이_컴포트_세탁기_ta23pz9_0001,ta23pz9
LG_통돌이_컴포트_세탁기_ta23pz9_0002,ta23pz9
LG_통돌이_컴포트_세탁기_ta23pz9_0003,ta23pz9
LG_통돌이_컴포트_세탁기_ta23pz9_0004,ta23pz9
LG_통돌이_컴포트_세탁기_ta23pz9_0005,ta23pz9
LG_통돌이_컴포트_세탁기_ta23pz9_0006,ta23pz9
LG_통돌이_컴포트_세탁기_ta23pz9_0007,ta23pz9
LG_통돌이_컴포트_세탁기_ta23pz9_0008,ta23pz9
LG_통돌이_컴포트_세탁기_ta23pz9_0009,ta23pz9
LG_통돌이_컴포트_세탁기_ta23pz9_0010,ta23pz9
LG_통돌이_컴포트_세탁기_ta23pz9_0011,ta23pz9
LG_통돌이_컴포트_세탁기_ta23pz9_0012,ta23pz9
LG_통돌이_컴포트_세탁기_ta23pz9_0013,ta23pz9
LG_통돌이_컴포트_세탁기_ta23pz9_0027,ta23pz9
LG_통돌이_컴포트_세탁기_ta23pz9_0028,ta23pz9
LG_통돌이_컴포트_세탁기_ta23pz9_0029,ta23pz9
LG_통돌이_컴포트_세탁기_ta23pz9_0030,ta23pz9
LG_통돌이_컴포트_세탁기_ta23pz9_0031,ta23pz9
LG_통돌이_컴포트_세탁기_ta23pz9_0032,ta23pz9
LG_통돌이_컴포트_세탁기_ta23pz9_0033,ta23pz9
LG_통돌이_컴포트_세탁기_ta23pz9_0034,ta23pz9
LG_통돌이_컴포트_세탁기_ta23pz9_0035,ta23pz9
LG_통돌이_컴포트_세탁기_ta23pz9_0036,ta23pz9
LG_통돌이_컴포트_세탁기_ta23pz9_0037,ta23pz9
LG_통돌이_컴포트_세탁기_ta23pz9_0038,ta23pz9
LG_통돌이_컴포트_세탁기_ta23pz9_0039,ta23pz9
LG_통돌이_컴포트_세탁기_ta25gz9_0001,ta25gz9
LG_통돌이_컴포트_세탁기_ta25gz9_0002,ta25gz9
LG_통돌이_컴포트_세탁기_ta25gz9_0003,ta25gz9
LG_통돌이_컴포트_세탁기_ta25gz9_0004,ta25gz9
LG_통돌이_컴포트_세탁기_ta25gz9_0005,ta25gz9
LG_통돌이_컴포트_세탁기_ta25gz9_0006,ta25gz9
LG_통돌이_컴포트_세탁기_ta25gz9_0007,ta25gz9
LG_통돌이_컴포트_세탁기_ta25gz9_0008,ta25gz9
LG_통돌이_컴포트_세탁기_ta25gz9_0009,ta25gz9
LG_통돌이_컴포트_세탁기_ta25gz9_0010,ta25gz9
LG_통돌이_컴포트_세탁기_ta25gz9_0011,ta25gz9
LG_통돌이_컴포트_세탁기_ta25gz9_0012,ta25gz9
LG_통돌이_컴포트_세탁기_ta25gz9_0013,ta25gz9
LG_통돌이_컴포트_세탁기_ta25gz9_0014,ta25gz9
LG_통돌이_컴포트_세탁기_ta25gz9_0015,ta25gz9
LG_통돌이_컴포트_세탁기_ta25gz9_0016,ta25gz9
LG_트롬_AI_오브제컬렉션_워시타워_wa2525ggzf_0001,wa2525ggzf
LG_트롬_AI_오브제컬렉션_워시타워_wa2525ggzf_0002,wa2525ggzf
LG_트롬_AI_오브제컬렉션_워시타워_wa2525ggzf_0003,wa2525ggzf
LG_트롬_AI_오브제컬렉션_워시타워_wa2525ggzf_0004,wa2525ggzf
LG_트롬_AI_오브제컬렉션_워시타워_wa2525ggzf_0005,wa2525ggzf
LG_트롬_AI_오브제컬렉션_워시타워_wa2525ggzf_0006,wa2525ggzf
LG_트롬_AI_오브제컬렉션_워시타워_wa2525ggzf_0007,wa2525ggzf
LG_트롬_AI_오브제컬렉션_워시타워_wa2525ggzf_0008,wa2525ggzf
LG_트롬_AI_오브제컬렉션_워시타워_wa2525ggzf_0009,wa2525ggzf
LG_트롬_AI_오브제컬렉션_워시타워_wa2525ggzf_0010,wa2525ggzf
LG_트롬_AI_오브제컬렉션_워시타워_wa2525ggzf_0011,wa2525ggzf
LG_트롬_AI_오브제컬렉션_워시타워_wa2525ggzf_0012,wa2525ggzf
LG_트롬_AI_오브제컬렉션_워시타워_wa2525ggzf_0013,wa2525ggzf
LG_트롬_AI_오브제컬렉션_워시타워_wa2525ggzf_0014,wa2525ggzf
LG_트롬_AI_오브제컬렉션_워시타워_wa2525ggzf_0015,wa2525ggzf
LG_트롬_AI_오브제컬렉션_워시타워_wa2525ggzf_0016,wa2525ggzf
LG_트롬_AI_오브제컬렉션_워시타워_wa2525ggzf_0017,wa2525ggzf
LG_트롬_AI_오브제컬렉션_워시타워_wa2525gmzf_0001,wa2525gmzf
LG_트롬_AI_오브제컬렉션_워시타워_wa2525gmzf_0002,wa2525gmzf
LG_트롬_AI_오브제컬렉션_워시타워_wa2525gmzf_0003,wa2525gmzf
LG_트롬_AI_오브제컬렉션_워시타워_wa2525gmzf_0004,wa2525gmzf
LG_트롬_AI_오브제컬렉션_워시타워_wa2525gmzf_0005,wa2525gmzf
LG_트롬_AI_오브제컬렉션_워시타워_wa2525gmzf_0006,wa2525gmzf
LG_트롬_AI_오브제컬렉션_워시타워_wa2525gmzf_0007,wa2525gmzf
LG_트롬_AI_오브제컬렉션_워시타워_wa2525gmzf_0008,wa2525gmzf
LG_트롬_AI_오브제컬렉션_워시타워_wa2525gmzf_0009,wa2525gmzf
LG_트롬_AI_오브제컬렉션_워시타워_wa2525gmzf_0010,wa2525gmzf
LG_트롬_AI_오브제컬렉션_워시타워_wa2525gmzf_0011,wa2525gmzf
LG_트롬_AI_오브제컬렉션_워시타워_wa2525gmzf_0012,wa2525gmzf
LG_트롬_AI_오브제컬렉션_워시타워_wa2525gmzf_0013,wa2525gmzf
LG_트롬_AI_오브제컬렉션_워시타워_wa2525gmzf_0014,wa2525gmzf
LG_트롬_AI_오브제컬렉션_워시타워_wa2525gmzf_0015,wa2525gmzf
LG_트롬_AI_오브제컬렉션_워시타워_wa2525gmzf_0016,wa2525gmzf
LG_트롬_AI_오브제컬렉션_워시타워_wa2525gmzf_0017,wa2525gmzf
LG_트롬_AI_오브제컬렉션_워시타워_wa2525iihf_0001,wa2525iihf
LG_트롬_AI_오브제컬렉션_워시타워_wa2525iihf_0002,wa2525iihf
LG_트롬_AI_오브제컬렉션_워시타워_wa2525iihf_0003,wa2525iihf
LG_트롬_AI_오브제컬렉션_워시타워_wa2525iihf_0004,wa2525iihf
LG_트롬_AI_오브제컬렉션_워시타워_wa2525iihf_0005,wa2525iihf
LG_트롬_AI_오브제컬렉션_워시타워_wa2525iihf_0006,wa2525iihf
LG_트롬_AI_오브제컬렉션_워시타워_wa2525iihf_0007,wa2525iihf
LG_트롬_AI_오브제컬렉션_워시타워_wa2525iihf_0008,wa2525iihf
LG_트롬_AI_오브제컬렉션_워시타워_wa2525iihf_0009,wa2525iihf
LG_트롬_AI_오브제컬렉션_워시타워_wa2525iihf_0010,wa2525iihf
LG_트롬_AI_오브제컬렉션_워시타워_wa2525iihf_0011,wa2525iihf
LG_트롬_AI_오브제컬렉션_워시타워_wa2525iihf_0012,wa2525iihf
LG_트롬_AI_오브제컬렉션_워시타워_wa2525iihf_0013,wa2525iihf
LG_트롬_AI_오브제컬렉션_워시타워_wa2525iihf_0014,wa2525iihf
LG_트롬_AI_오브제컬렉션_워시타워_wa2525iihf_0015,wa2525iihf
LG_트롬_AI_오브제컬렉션_워시타워_wa2525iihf_0016,wa2525iihf
LG_트롬_오브제컬렉션_건조기_rd22ese_0001,rd22ese
LG_트롬_오브제컬렉션_건조기_rd22ese_0002,rd22ese
LG_트롬_오브제컬렉션_건조기_rd22ese_0003,rd22ese
LG_트롬_오브제컬렉션_건조기_rd22ese_0004,rd22ese
LG_트롬_오브제컬렉션_건조기_rd22ese_0005,rd22ese
LG_트롬_오브제컬렉션_건조기_rd22ese_0006,rd22ese
LG_트롬_오브제컬렉션_건조기_rd22ese_0007,rd22ese
LG_트롬_오브제컬렉션_건조기_rd22ese_0008,rd22ese
LG_트롬_오브제컬렉션_건조기_rd22ese_0009,rd22ese
LG_트롬_오브제컬렉션_건조기_rd22ese_0010,rd22ese
LG_트롬_오브제컬렉션_건조기_rd22ese_0011,rd22ese
LG_트롬_오브제컬렉션_건조기_rd22ese_0012,rd22ese
LG_트롬_오브제컬렉션_건조기_rd22gsg_0001,rd22gsg
LG_트롬_오브제컬렉션_건조기_rd22gsg_0002,rd22gsg
LG_트롬_오브제컬렉션_건조기_rd22gsg_0003,rd22gsg
LG_트롬_오브제컬렉션_건조기_rd22gsg_0004,rd22gsg
LG_트롬_오브제컬렉션_건조기_rd22gsg_0005,rd22gsg
LG_트롬_오브제컬렉션_건조기_rd22gsg_0006,rd22gsg
LG_트롬_오브제컬렉션_건조기_rd22gsg_0007,rd22gsg
LG_트롬_오브제컬렉션_건조기_rd22gsg_0008,rd22gsg
LG_트롬_오브제컬렉션_건조기_rd22gsg_0009,rd22gsg
LG_트롬_오브제컬렉션_건조기_rd22gsg_0010,rd22gsg
LG_트롬_오브제컬렉션_건조기_rd22gsg_0011,rd22gsg
LG_트롬_오브제컬렉션_건조기_rd22gsg_0012,rd22gsg
LG_트롬_오브제컬렉션_건조기_rd22gs_0001,rd22gs
LG_트롬_오브제컬렉션_건조기_rd22gs_0002,rd22gs
LG_트롬_오브제컬렉션_건조기_rd22gs_0003,rd22gs
LG_트롬_오브제컬렉션_건조기_rd22gs_0004,rd22gs
LG_트롬_오브제컬렉션_건조기_rd22gs_0005,rd22gs
LG_트롬_오브제컬렉션_건조기_rd22gs_0006,rd22gs
LG_트롬_오브제컬렉션_건조기_rd22gs_0007,rd22gs
LG_트롬_오브제컬렉션_건조기_rd22gs_0008,rd22gs
LG_트롬_오브제컬렉션_건조기_rd22gs_0009,rd22gs
LG_트롬_오브제컬렉션_건조기_rd22gs_0010,rd22gs
LG_트롬_오브제컬렉션_건조기_rd22gs_0011,rd22gs
LG_트롬_오브제컬렉션_건조기_rd22gs_0012,rd22gs
LG_트롬_오브제컬렉션_건조기_rd22ks_0001,rd22ks
LG_트롬_오브제컬렉션_건조기_rd22ks_0002,rd22ks
LG_트롬_오브제컬렉션_건조기_rd22ks_0003,rd22ks
LG_트롬_오브제컬렉션_건조기_rd22ks_0004,rd22ks
LG_트롬_오브제컬렉션_건조기_rd22ks_0005,rd22ks
LG_트롬_오브제컬렉션_건조기_rd22ks_0006,rd22ks
LG_트롬_오브제컬렉션_건조기_rd22ks_0007,rd22ks
LG_트롬_오브제컬렉션_건조기_rd22ks_0008,rd22ks
LG_트롬_오브제컬렉션_건조기_rd22ks_0009,rd22ks
LG_트롬_오브제컬렉션_건조기_rd22ks_0010,rd22ks
LG_트롬_오브제컬렉션_건조기_rd22ks_0011,rd22ks
LG_트롬_오브제컬렉션_건조기_rd22ks_0012,rd22ks
LG_트롬_오브제컬렉션_건조기_rd22vs_0001,rd22vs
LG_트롬_오브제컬렉션_건조기_rd22vs_0002,rd22vs
LG_트롬_오브제컬렉션_건조기_rd22vs_0003,rd22vs
LG_트롬_오브제컬렉션_건조기_rd22vs_0004,rd22vs
LG_트롬_오브제컬렉션_건조기_rd22vs_0005,rd22vs
LG_트롬_오브제컬렉션_건조기_rd22vs_0006,rd22vs
LG_트롬_오브제컬렉션_건조기_rd22vs_0007,rd22vs
LG_트롬_오브제컬렉션_건조기_rd22vs_0008,rd22vs
LG_트롬_오브제컬렉션_건조기_rd22vs_0009,rd22vs
LG_트롬_오브제컬렉션_건조기_rd22vs_0010,rd22vs
LG_트롬_오브제컬렉션_건조기_rd22vs_0011,rd22vs
LG_트롬_오브제컬렉션_건조기_rd22vs_0012,rd22vs
LG_트롬_오브제컬렉션_건조기_rd22ws_0001,rd22ws
LG_트롬_오브제컬렉션_건조기_rd22ws_0002,rd22ws
LG_트롬_오브제컬렉션_건조기_rd22ws_0003,rd22ws
LG_트롬_오브제컬렉션_건조기_rd22ws_0004,rd22ws
LG_트롬_오브제컬렉션_건조기_rd22ws_0005,rd22ws
LG_트롬_오브제컬렉션_건조기_rd22ws_0006,rd22ws
LG_트롬_오브제컬렉션_건조기_rd22ws_0007,rd22ws
LG_트롬_오브제컬렉션_건조기_rd22ws_0008,rd22ws
LG_트롬_오브제컬렉션_건조기_rd22ws_0009,rd22ws
LG_트롬_오브제컬렉션_건조기_rd22ws_0010,rd22ws
LG_트롬_오브제컬렉션_건조기_rd22ws_0011,rd22ws
LG_트롬_오브제컬렉션_건조기_rd22ws_0012,rd22ws
LG_트롬_오브제컬렉션_건조기_rg18wnst_0001,rg18wnst
LG_트롬_오브제컬렉션_건조기_rg18wnst_0002,rg18wnst
LG_트롬_오브제컬렉션_건조기_rg18wnst_0003,rg18wnst
LG_트롬_오브제컬렉션_건조기_rg18wnst_0004,rg18wnst
LG_트롬_오브제컬렉션_건조기_rg18wnst_0005,rg18wnst
LG_트롬_오브제컬렉션_건조기_rg18wnst_0006,rg18wnst
LG_트롬_오브제컬렉션_건조기_rg18wnst_0007,rg18wnst
LG_트롬_오브제컬렉션_건조기_rg18wnst_0008,rg18wnst
LG_트롬_오브제컬렉션_건조기_rg18wnst_0009,rg18wnst
LG_트롬_오브제컬렉션_건조기_rg18wnst_0010,rg18wnst
LG_트롬_오브제컬렉션_건조기_rg18wnst_0011,rg18wnst
LG_트롬_오브제컬렉션_건조기_rg18wnst_0012,rg18wnst
LG_트롬_오브제컬렉션_건조기_rg18wnst_0013,rg18wnst
LG_트롬_오브제컬렉션_건조기_rg18wnt_0001,rg18wnt
LG_트롬_오브제컬렉션_건조기_rg18wnt_0002,rg18wnt
LG_트롬_오브제컬렉션_건조기_rg18wnt_0003,rg18wnt
LG_트롬_오브제컬렉션_건조기_rg18wnt_0004,rg18wnt
LG_트롬_오브제컬렉션_건조기_rg18wnt_0005,rg18wnt
LG_트롬_오브제컬렉션_건조기_rg18wnt_0006,rg18wnt
LG_트롬_오브제컬렉션_건조기_rg18wnt_0007,rg18wnt
LG_트롬_오브제컬렉션_건조기_rg18wnt_0008,rg18wnt
LG_트롬_오브제컬렉션_건조기_rg18wnt_0009,rg18wnt
LG_트롬_오브제컬렉션_건조기_rg18wnt_0010,rg18wnt
LG_트롬_오브제컬렉션_건조기_rg18wnt_0011,rg18wnt
LG_트롬_오브제컬렉션_건조기_rg18wnt_0012,rg18wnt
LG_트롬_오브제컬렉션_건조기_rg18wnt_0013,rg18wnt
LG_트롬_오브제컬렉션_건조기_rg18wnwt_0001,rg18wnwt
LG_트롬_오브제컬렉션_건조기_rg18wnwt_0002,rg18wnwt
LG_트롬_오브제컬렉션_건조기_rg18wnwt_0003,rg18wnwt
LG_트롬_오브제컬렉션_건조기_rg18wnwt_0004,rg18wnwt
LG_트롬_오브제컬렉션_건조기_rg18wnwt_0005,rg18wnwt
LG_트롬_오브제컬렉션_건조기_rg18wnwt_0006,rg18wnwt
LG_트롬_오브제컬렉션_건조기_rg18wnwt_0007,rg18wnwt
LG_트롬_오브제컬렉션_건조기_rg18wnwt_0008,rg18wnwt
LG_트롬_오브제컬렉션_건조기_rg18wnwt_0009,rg18wnwt
LG_트롬_오브제컬렉션_건조기_rg18wnwt_0010,rg18wnwt
LG_트롬_오브제컬렉션_건조기_rg18wnwt_0011,rg18wnwt
LG_트롬_오브제컬렉션_건조기_rg18wnwt_0012,rg18wnwt
LG_트롬_오브제컬렉션_건조기_rg18wnwt_0013,rg18wnwt
LG_트롬_오브제컬렉션_건조기_rg20en_0001,rg20en
LG_트롬_오브제컬렉션_건조기_rg20en_0002,rg20en
LG_트롬_오브제컬렉션_건조기_rg20en_0003,rg20en
LG_트롬_오브제컬렉션_건조기_rg20en_0004,rg20en
LG_트롬_오브제컬렉션_건조기_rg20en_0005,rg20en
LG_트롬_오브제컬렉션_건조기_rg20en_0006,rg20en
LG_트롬_오브제컬렉션_건조기_rg20en_0007,rg20en
LG_트롬_오브제컬렉션_건조기_rg20en_0008,rg20en
LG_트롬_오브제컬렉션_건조기_rg20en_0009,rg20en
LG_트롬_오브제컬렉션_건조기_rg20en_0010,rg20en
LG_트롬_오브제컬렉션_건조기_rg20en_0011,rg20en
LG_트롬_오브제컬렉션_건조기_rg20en_0012,rg20en
LG_트롬_오브제컬렉션_건조기_rg20kn_0001,rg20kn
LG_트롬_오브제컬렉션_건조기_rg20kn_0002,rg20kn
LG_트롬_오브제컬렉션_건조기_rg20kn_0003,rg20kn
LG_트롬_오브제컬렉션_건조기_rg20kn_0004,rg20kn
LG_트롬_오브제컬렉션_건조기_rg20kn_0005,rg20kn
LG_트롬_오브제컬렉션_건조기_rg20kn_0006,rg20kn
LG_트롬_오브제컬렉션_건조기_rg20kn_0007,rg20kn
LG_트롬_오브제컬렉션_건조기_rg20kn_0008,rg20kn
LG_트롬_오브제컬렉션_건조기_rg20kn_0009,rg20kn
LG_트롬_오브제컬렉션_건조기_rg20kn_0010,rg20kn
LG_트롬_오브제컬렉션_건조기_rg20kn_0011,rg20kn
LG_트롬_오브제컬렉션_건조기_rg20kn_0012,rg20kn
LG_트롬_오브제컬렉션_건조기_rg20vn_0001,rg20vn
LG_트롬_오브제컬렉션_건조기_rg20vn_0002,rg20vn
LG_트롬_오브제컬렉션_건조기_rg20vn_0003,rg20vn
LG_트롬_오브제컬렉션_건조기_rg20vn_0004,rg20vn
LG_트롬_오브제컬렉션_건조기_rg20vn_0005,rg20vn
LG_트롬_오브제컬렉션_건조기_rg20vn_0006,rg20vn
LG_트롬_오브제컬렉션_건조기_rg20vn_0007,rg20vn
LG_트롬_오브제컬렉션_건조기_rg20vn_0008,rg20vn
LG_트롬_오브제컬렉션_건조기_rg20vn_0009,rg20vn
LG_트롬_오브제컬렉션_건조기_rg20vn_0010,rg20vn
LG_트롬_오브제컬렉션_건조기_rg20vn_0011,rg20vn
LG_트롬_오브제컬렉션_건조기_rg20vn_0012,rg20vn
LG_트롬_오브제컬렉션_건조기_rg20wn_0001,rg20wn
LG_트롬_오브제컬렉션_건조기_rg20wn_0002,rg20wn
LG_트롬_오브제컬렉션_건조기_rg20wn_0003,rg20wn
LG_트롬_오브제컬렉션_건조기_rg20wn_0004,rg20wn
LG_트롬_오브제컬렉션_건조기_rg20wn_0005,rg20wn
LG_트롬_오브제컬렉션_건조기_rg20wn_0006,rg20wn
LG_트롬_오브제컬렉션_건조기_rg20wn_0007,rg20wn
LG_트롬_오브제컬렉션_건조기_rg20wn_0008,rg20wn
LG_트롬_오브제컬렉션_건조기_rg20wn_0009,rg20wn
LG_트롬_오브제컬렉션_건조기_rg20wn_0010,rg20wn
LG_트롬_오브제컬렉션_건조기_rg20wn_0011,rg20wn
LG_트롬_오브제컬렉션_건조기_rg20wn_0012,rg20wn
LG_트롬_오브제컬렉션_워시콤보_fh25ese_0001,fh25ese
LG_트롬_오브제컬렉션_워시콤보_fh25ese_0002,fh25ese
LG_트롬_오브제컬렉션_워시콤보_fh25ese_0003,fh25ese
LG_트롬_오브제컬렉션_워시콤보_fh25ese_0004,fh25ese
LG_트롬_오브제컬렉션_워시콤보_fh25ese_0005,fh25ese
LG_트롬_오브제컬렉션_워시콤보_fh25ese_0006,fh25ese
LG_트롬_오브제컬렉션_워시콤보_fh25ese_0007,fh25ese
LG_트롬_오브제컬렉션_워시콤보_fh25ese_0008,fh25ese
LG_트롬_오브제컬렉션_워시콤보_fh25ese_0009,fh25ese
LG_트롬_오브제컬렉션_워시콤보_fh25ese_0010,fh25ese
LG_트롬_오브제컬렉션_워시콤보_fh25ese_0011,fh25ese
LG_트롬_오브제컬렉션_워시콤보_fh25ese_0012,fh25ese
LG_트롬_오브제컬렉션_워시타워_w2520wzm_0001,w2520wzm
