title,description,link,date
"상담 예약/문의1:1 문의, 전화,원격지원, 영상통화상담을 이용하실 수 있어요출장 서비스 예약서비스매니저가직접 방문하여문제를
															해결해 드려요센터 방문 예약...",상담 예약/문의,https://www.lge.co.kr,
LG SIGNATURE,LG SIGNATURE,https://www.lge.co.kr/lg-signature/info,
최근 본 제품,,https://www.lge.co.kr#n,
선택됨한국/한국어Global / English,,https://www.lge.co.kr,
"상담 예약/문의1:1 문의, 전화,원격지원, 영상통화상담을 이용하실 수 있어요출장 서비스 예약서비스매니저가직접 방문하여문제를
															해결해 드려요센터 방문 예약...",상담 예약/문의,https://www.lge.co.kr,
에어컨 필터 썸머 세일집.잘.알 가전 필수템 여름맞이 세일,에어컨 필터 썸머 세일,https://www.lge.co.kr/benefits/exhibitions/detail-PE00714001,
바쁜 고객님의 일상에 발맞춘 LG이브닝서비스!,바쁜 고객님의 일상에 발맞춘 LG이브닝서비스!,https://www.lge.co.kr/support/notice-NTC20230914327001,
LG UP 가전 브랜드관 바로가기,LG UP 가전 브랜드관 바로가기,https://www.lge.co.kr/upappliance,
설치 전 주의사항 및 사용법,LG Update Center,,
인기 검색어가 없습니다.,인기 검색어가 없습니다.,,
검색 결과,검색 결과가 없습니다.,,
스마트폰,,,
휴대폰 사용자에 따라 휴대폰 환경을 다르게 설정할 수 있나요? 휴대폰 사용자에 따라 휴대폰 환경을 다르게 설정할 수 있나요? 휴대폰 사용자에 따라 휴대폰 환경을 다르게 설정할 수 ...,,,
최근 검색어가 없습니다.,최근 검색어가 없습니다.,,
스마트폰,모델명을 찾을 수 없습니다. 정확하게 입력해주세요.,https://www.lge.co.kr,
"휴대폰 사용자에 따라 휴대폰 환경을 다르게
																			설정할 수 있나요? 휴대폰 사용자에 따라 휴대폰 환경을 다르게 설정할 수 있나요? 휴대폰
							...",,,
스마트폰,검색 결과가 없습니다.,https://www.lge.co.kr,
최근 검색어,,javascript:void(0),
스마트폰,,,
이메일 발송,다운로드 가능한 주소가 이메일로 발송됩니다.,,
모델명 확인 방법,사용하시는 제품의모델명과 제조번호를 확인해 주세요.,https://www.lge.co.kr/kr/support/images/find-model/model-smart-phone.jpg,
OLED58CXKNOLED58CXKNOLED58CXKNOLED58CXKNOLED58CXKNOLED58CXKNOLED58CXKNOLED58CXKNOLED58CXKNOLED58CXKN,,,
최대 텍스트 2줄까지 공백포함 25자까지 권장합니다.일시 품절된 상품입니다.제품명 최대 텍스트 2줄까지판매가 종료된 상품입니다.최대 텍스트 2줄 이상 넘어갈시 …처리 됩니다. 이상...,,https://www.lge.co.kr#n,
LG UP 가전 브랜드관 바로가기,LG UP 가전 브랜드관 바로가기,https://www.lge.co.kr/upappliance,
LG SIGNATURE,LG SIGNATURE,https://www.lge.co.kr/lg-signature/info,
에어컨 필터 썸머 세일집.잘.알 가전 필수템 여름맞이 세일,에어컨 필터 썸머 세일,https://www.lge.co.kr/benefits/exhibitions/detail-PE00714001,
OLED58CXKNOLED58CXKNOLED58CXKNOLED58CXKNOLED58CXKNOLED58CXKNOLED58CXKNOLED58CXKNOLED58CXKNOLED58CXKN...,,,
카카오톡으로 페이지 공유하기페이스북으로 페이지 공유하기URL복사하기,,https://www.lge.co.kr,
LG 트롬 오브제컬렉션 워시타워,LG 트롬 오브제컬렉션 워시타워,https://www.lge.co.kr/wash-tower,
전체삭제최근 검색 기록이 없습니다.,,javascript:void(0),
해결이 필요한 제품을 선택해 주세요.필수입력,LG Update 프로그램 다운로드,https://www.lge.co.kr/support/solutions-20153165094477,
모델명SVC CODE 또는 제품 CODE로 확인제조번호SERIAL NO(S/N) 또는 일련번호로 확인,,,
